"","Theta","Correlation"
"1",0.1,0.022593499349935
"2",0.11,0.0332773677367737
"3",0.12,0.0386920292029203
"4",0.13,0.0353660566056606
"5",0.14,0.0324864086408641
"6",0.15,0.0286111411141114
"7",0.16,0.0362758275827583
"8",0.17,0.044173697369737
"9",0.18,0.0407950795079508
"10",0.19,0.0342014601460146
"11",0.2,0.0512961696169617
"12",0.21,0.0584044404440444
"13",0.22,0.0596117211721172
"14",0.23,0.05443900390039
"15",0.24,0.0575083108310831
"16",0.25,0.04357699769977
"17",0.26,0.0600061606160616
"18",0.27,0.0529031703170317
"19",0.28,0.0663525152515251
"20",0.29,0.0671010701070107
"21",0.3,0.0571354335433543
"22",0.31,0.068043804380438
"23",0.32,0.0723018301830183
"24",0.33,0.0792140414041404
"25",0.34,0.0718739873987399
"26",0.35,0.080194099409941
"27",0.36,0.0832446444644464
"28",0.37,0.0854847884788479
"29",0.38,0.0875593559355936
"30",0.39,0.079596199619962
"31",0.4,0.0929958195819582
"32",0.41,0.0955697169716972
"33",0.42,0.0918667866786678
"34",0.43,0.0945496149614961
"35",0.44,0.100329573960692
"36",0.45,0.089442704270427
"37",0.46,0.105438823882388
"38",0.47,0.103342454245425
"39",0.48,0.108218821882188
"40",0.49,0.108573857385739
"41",0.5,0.0972268426842684
"42",0.51,0.111815701570157
"43",0.52,0.118731433143314
"44",0.53,0.122581938193819
"45",0.54,0.130668786878688
"46",0.55,0.125075667566757
"47",0.56,0.119001300130013
"48",0.57,0.119201800180018
"49",0.58,0.136802160216022
"50",0.59,0.124483208320832
"51",0.6,0.120102810281028
"52",0.61,0.125126872687269
"53",0.62,0.121523272327233
"54",0.63,0.122028642864286
"55",0.64,0.132832323232323
"56",0.65,0.138261866186619
"57",0.66,0.127267566756676
"58",0.67,0.146145534553455
"59",0.68,0.144520892089209
"60",0.69,0.14895797579758
"61",0.7,0.148133733373337
"62",0.71,0.140260386038604
"63",0.72,0.137736493649365
"64",0.73,0.163737813781378
"65",0.74,0.150795799579958
"66",0.75,0.155051865186519
"67",0.76,0.149374337433743
"68",0.77,0.153655125512551
"69",0.78,0.159876827682768
"70",0.79,0.167892149214921
"71",0.8,0.150617781778178
"72",0.81,0.169281648164816
"73",0.82,0.17453805380538
"74",0.83,0.176089888988899
"75",0.84,0.168877407740774
"76",0.85,0.17894805480548
"77",0.86,0.182224622462246
"78",0.87,0.16651305130513
"79",0.88,0.170738913891389
"80",0.89,0.17895297529753
"81",0.9,0.182305150515051
"82",0.91,0.169310331033103
"83",0.92,0.181295169516952
"84",0.93,0.189718851885188
"85",0.94,0.19533301330133
"86",0.95,0.182925172517252
"87",0.96,0.184857925792579
"88",0.97,0.193734573457346
"89",0.98,0.197029342934293
"90",0.99,0.184780278027803
"91",1,0.194336633663366
"92",1.01,0.196304870487049
"93",1.02,0.201022622262226
"94",1.03,0.192291869186919
"95",1.04,0.19997503750375
"96",1.05,0.195486108610861
"97",1.06,0.214832203220322
"98",1.07,0.203126712671267
"99",1.08,0.213761776177618
"100",1.09,0.206760316031603
"101",1.1,0.195232923292329
"102",1.11,0.214086688668867
"103",1.12,0.216845324532453
"104",1.13,0.21610497049705
"105",1.14,0.221488708870887
"106",1.15,0.212626902690269
"107",1.16,0.226933653365336
"108",1.17,0.219551195119512
"109",1.18,0.227086228622862
"110",1.19,0.223269366936694
"111",1.2,0.227399579957996
"112",1.21,0.234129292929293
"113",1.22,0.231163556355636
"114",1.23,0.220747194719472
"115",1.24,0.22100398039804
"116",1.25,0.232081808180818
"117",1.26,0.235704930493049
"118",1.27,0.228157295729573
"119",1.28,0.25096097609761
"120",1.29,0.239832663266327
"121",1.3,0.250273787378738
"122",1.31,0.232180738073807
"123",1.32,0.247475747574757
"124",1.33,0.233171517151715
"125",1.34,0.24720504050405
"126",1.35,0.253646724672467
"127",1.36,0.247749294929493
"128",1.37,0.239490429042904
"129",1.38,0.249072867286729
"130",1.39,0.246562616261626
"131",1.4,0.253130233023302
"132",1.41,0.256698549854985
"133",1.42,0.260793719371937
"134",1.43,0.248835683568357
"135",1.44,0.2623299529953
"136",1.45,0.270766836683668
"137",1.46,0.259591559155916
"138",1.47,0.257742614261426
"139",1.48,0.257858905890589
"140",1.49,0.282015921592159
"141",1.5,0.274509690969097
"142",1.51,0.270344274427443
"143",1.52,0.279678567856786
"144",1.53,0.272984498449845
"145",1.54,0.26082104210421
"146",1.55,0.264300910091009
"147",1.56,0.286282788278828
"148",1.57,0.270123612361236
"149",1.58,0.275041264126413
"150",1.59,0.286839443944394
"151",1.6,0.271323412341234
"152",1.61,0.287433783378338
"153",1.62,0.284433683368337
"154",1.63,0.287355175517552
"155",1.64,0.278547174717472
"156",1.65,0.288771317131713
"157",1.66,0.287554475447545
"158",1.67,0.289083348334833
"159",1.68,0.289795659565957
"160",1.69,0.284617101710171
"161",1.7,0.302718151815181
"162",1.71,0.302092569256926
"163",1.72,0.307880308030803
"164",1.73,0.295717931793179
"165",1.74,0.300984098409841
"166",1.75,0.307013461346135
"167",1.76,0.298394799479948
"168",1.77,0.313408060806081
"169",1.78,0.292702750275027
"170",1.79,0.30506698669867
"171",1.8,0.31285700570057
"172",1.81,0.310832323232323
"173",1.82,0.303950395039504
"174",1.83,0.313047424742474
"175",1.84,0.311469146914691
"176",1.85,0.320155455545555
"177",1.86,0.311899349934993
"178",1.87,0.325944834483448
"179",1.88,0.315710891089109
"180",1.89,0.310390199019902
"181",1.9,0.323112191219122
"182",1.91,0.31855497549755
"183",1.92,0.310711951195119
"184",1.93,0.328748594859486
"185",1.94,0.316430323032303
"186",1.95,0.321262246224622
"187",1.96,0.326182138213821
"188",1.97,0.32287300730073
"189",1.98,0.317430623062306
"190",1.99,0.329550515051505
"191",2,0.336639183918392
"192",2.01,0.332853165316532
"193",2.02,0.333806060606061
"194",2.03,0.337130553055305
"195",2.04,0.336740794079408
"196",2.05,0.342776197619762
"197",2.06,0.334697789778978
"198",2.07,0.341136233623362
"199",2.08,0.340632143214321
"200",2.09,0.343896389638964
"201",2.1,0.342402680268027
"202",2.11,0.337226162616262
"203",2.12,0.335617081708171
"204",2.13,0.343458305830583
"205",2.14,0.331315891589159
"206",2.15,0.343800140014001
"207",2.16,0.359211321132113
"208",2.17,0.337664446444644
"209",2.18,0.35957599759976
"210",2.19,0.349378217821782
"211",2.2,0.349820222022202
"212",2.21,0.354227862786279
"213",2.22,0.353207520752075
"214",2.23,0.35194599459946
"215",2.24,0.353330133013301
"216",2.25,0.357377697769777
"217",2.26,0.359778577857786
"218",2.27,0.362292629262926
"219",2.28,0.36119799979998
"220",2.29,0.353717371737174
"221",2.3,0.369642284228423
"222",2.31,0.364819521952195
"223",2.32,0.358650385038504
"224",2.33,0.368128572857286
"225",2.34,0.360605340534053
"226",2.35,0.376888328832883
"227",2.36,0.371874187418742
"228",2.37,0.371679127912791
"229",2.38,0.37640304030403
"230",2.39,0.366830763076308
"231",2.4,0.373673527352735
"232",2.41,0.380785878587859
"233",2.42,0.375868266826683
"234",2.43,0.37440396039604
"235",2.44,0.373365616561656
"236",2.45,0.366951415141514
"237",2.46,0.380354475447545
"238",2.47,0.383505550555055
"239",2.48,0.372985178517852
"240",2.49,0.369649364936494
"241",2.5,0.389194519451945
"242",2.51,0.3732600460046
"243",2.52,0.383158275827583
"244",2.53,0.378792879287929
"245",2.54,0.388735193519352
"246",2.55,0.390215581558156
"247",2.56,0.38057701770177
"248",2.57,0.391941274127413
"249",2.58,0.387594599459946
"250",2.59,0.390970417041704
"251",2.6,0.394736433643364
"252",2.61,0.395658405840584
"253",2.62,0.394238583858386
"254",2.63,0.397323772377238
"255",2.64,0.398587258725873
"256",2.65,0.394053845384538
"257",2.66,0.39646104610461
"258",2.67,0.40675099509951
"259",2.68,0.402148454845485
"260",2.69,0.395957235723572
"261",2.7,0.3993800180018
"262",2.71,0.409355335533553
"263",2.72,0.406993819381938
"264",2.73,0.399447784778478
"265",2.74,0.40299501950195
"266",2.75,0.408875447544754
"267",2.76,0.400359795979598
"268",2.77,0.401880068006801
"269",2.78,0.403923112311231
"270",2.79,0.405449184918492
"271",2.8,0.406278467846785
"272",2.81,0.409975717571757
"273",2.82,0.413172197219722
"274",2.83,0.413981358135813
"275",2.84,0.409420862086209
"276",2.85,0.421609880988099
"277",2.86,0.420489568956896
"278",2.87,0.416657465746575
"279",2.88,0.425824782478248
"280",2.89,0.425387138713871
"281",2.9,0.425239483948395
"282",2.91,0.428238663866387
"283",2.92,0.423228922892289
"284",2.93,0.424538173817382
"285",2.94,0.427660166016602
"286",2.95,0.431077107710771
"287",2.96,0.417061226122612
"288",2.97,0.424206660666067
"289",2.98,0.431130953095309
"290",2.99,0.432202180218022
"291",3,0.423663766376638
"292",3.01,0.433837743774377
"293",3.02,0.420280748074807
"294",3.03,0.434503570357036
"295",3.04,0.430642904290429
"296",3.05,0.421344814481448
"297",3.06,0.436836523652365
"298",3.07,0.429822742274227
"299",3.08,0.433189878987899
"300",3.09,0.443313651365136
"301",3.1,0.437275287528753
"302",3.11,0.440508170817082
"303",3.12,0.439493229322932
"304",3.13,0.440829602960296
"305",3.14,0.437530553055305
"306",3.15,0.446946174617462
"307",3.16,0.442614221422142
"308",3.17,0.439028062806281
"309",3.18,0.445179317931793
"310",3.19,0.449945754575457
"311",3.2,0.444510371037104
"312",3.21,0.453283128312831
"313",3.22,0.446859525952595
"314",3.23,0.448406640664066
"315",3.24,0.452362076207621
"316",3.25,0.451139273927393
"317",3.26,0.446216406102774
"318",3.27,0.463900430043004
"319",3.28,0.456845524552455
"320",3.29,0.454077287728773
"321",3.3,0.453130233023302
"322",3.31,0.450095129512951
"323",3.32,0.452181498149815
"324",3.33,0.456714431443144
"325",3.34,0.458737753775377
"326",3.35,0.457863106310631
"327",3.36,0.454611101110111
"328",3.37,0.466131453145314
"329",3.38,0.467840384038404
"330",3.39,0.455725932593259
"331",3.4,0.460012441244124
"332",3.41,0.466121772177218
"333",3.42,0.472728432843284
"334",3.43,0.461610681068107
"335",3.44,0.457601080108011
"336",3.45,0.463271447144714
"337",3.46,0.469125352535253
"338",3.47,0.467046184618462
"339",3.48,0.471223882388239
"340",3.49,0.461777937793779
"341",3.5,0.480821602160216
"342",3.51,0.464552335233523
"343",3.52,0.480503170317032
"344",3.53,0.471700730073007
"345",3.54,0.476594379437944
"346",3.55,0.471528592859286
"347",3.56,0.479459865986599
"348",3.57,0.476048404840484
"349",3.58,0.493321452145214
"350",3.59,0.475550075007501
"351",3.6,0.487420902090209
"352",3.61,0.471949194919492
"353",3.62,0.479354335433543
"354",3.63,0.475498749874987
"355",3.64,0.482559935993599
"356",3.65,0.488056845684568
"357",3.66,0.485892949294929
"358",3.67,0.4788200420042
"359",3.68,0.481498589858986
"360",3.69,0.486988778877888
"361",3.7,0.483791619161916
"362",3.71,0.491791539153915
"363",3.72,0.485450105010501
"364",3.73,0.478102730273027
"365",3.74,0.487431383138314
"366",3.75,0.492955295529553
"367",3.76,0.486990379037904
"368",3.77,0.48935097509751
"369",3.78,0.494063846384638
"370",3.79,0.493639843984398
"371",3.8,0.494723312331233
"372",3.81,0.494470407040704
"373",3.82,0.498660906090609
"374",3.83,0.495208240824082
"375",3.84,0.492620062006201
"376",3.85,0.493559235923592
"377",3.86,0.494955775577558
"378",3.87,0.50369204920492
"379",3.88,0.503950155015501
"380",3.89,0.496211661166117
"381",3.9,0.496024802480248
"382",3.91,0.50264902490249
"383",3.92,0.494482088208821
"384",3.93,0.499241124112411
"385",3.94,0.504175297529753
"386",3.95,0.504369556955696
"387",3.96,0.501622362236224
"388",3.97,0.506515411541154
"389",3.98,0.510584298429843
"390",3.99,0.496042084208421
"391",4,0.505754575457546
"392",4.01,0.511430583058306
"393",4.02,0.491474707470747
"394",4.03,0.514555455545554
"395",4.04,0.50609600960096
"396",4.05,0.518179137913791
"397",4.06,0.518416761676168
"398",4.07,0.515799139913991
"399",4.08,0.518189938993899
"400",4.09,0.5132099609961
"401",4.1,0.515057225722572
"402",4.11,0.519038623862386
"403",4.12,0.516133493349335
"404",4.13,0.508421322132213
"405",4.14,0.505458585858586
"406",4.15,0.5176199619962
"407",4.16,0.517041544154415
"408",4.17,0.524978297829783
"409",4.18,0.519267686768677
"410",4.19,0.519100950095009
"411",4.2,0.509310131013101
"412",4.21,0.526199579957996
"413",4.22,0.528579617961796
"414",4.23,0.520293549354935
"415",4.24,0.523376657665766
"416",4.25,0.529056265626563
"417",4.26,0.521927152715271
"418",4.27,0.531008860886089
"419",4.28,0.522244224422442
"420",4.29,0.517146234623462
"421",4.3,0.53320900090009
"422",4.31,0.530710911091109
"423",4.32,0.536823082308231
"424",4.33,0.534453645364536
"425",4.34,0.530621822182218
"426",4.35,0.532631543154315
"427",4.36,0.534991619161916
"428",4.37,0.523248804880488
"429",4.38,0.5456499649965
"430",4.39,0.537938313831383
"431",4.4,0.539791099109911
"432",4.41,0.536452645264526
"433",4.42,0.538944094409441
"434",4.43,0.536525852585258
"435",4.44,0.537227482748275
"436",4.45,0.538284828482848
"437",4.46,0.535255525552555
"438",4.47,0.533303450345034
"439",4.48,0.535026662666267
"440",4.49,0.547005740574057
"441",4.5,0.541140714071407
"442",4.51,0.54157903790379
"443",4.52,0.53423902390239
"444",4.53,0.539189918991899
"445",4.54,0.541098109810981
"446",4.55,0.543116671667167
"447",4.56,0.547161556155615
"448",4.57,0.542864366436644
"449",4.58,0.553026302630263
"450",4.59,0.542834163416342
"451",4.6,0.554959855985598
"452",4.61,0.545660726072607
"453",4.62,0.546450245024502
"454",4.63,0.55522204220422
"455",4.64,0.551249444944494
"456",4.65,0.54716795679568
"457",4.66,0.549445224522452
"458",4.67,0.543381178117812
"459",4.68,0.548014921492149
"460",4.69,0.54881796179618
"461",4.7,0.545293129312931
"462",4.71,0.552058845884588
"463",4.72,0.547935073507351
"464",4.73,0.560297069706971
"465",4.74,0.551811461146115
"466",4.75,0.547094949494949
"467",4.76,0.556139813981398
"468",4.77,0.550143654365436
"469",4.78,0.55454697469747
"470",4.79,0.556591619161916
"471",4.8,0.558578257825783
"472",4.81,0.568276387638764
"473",4.82,0.568029282928293
"474",4.83,0.560863366336634
"475",4.84,0.554268706870687
"476",4.85,0.559927272727273
"477",4.86,0.559502590259026
"478",4.87,0.560956895689569
"479",4.88,0.560863566356636
"480",4.89,0.563771497149715
"481",4.9,0.568919637652962
"482",4.91,0.562351075107511
"483",4.92,0.55436603660366
"484",4.93,0.566929292929293
"485",4.94,0.562024562456246
"486",4.95,0.565099669966997
"487",4.96,0.565633603360336
"488",4.97,0.571697609760976
"489",4.98,0.572433523352335
"490",4.99,0.563702490249025
"491",5,0.57735601560156
"492",5.01,0.572776837683768
"493",5.02,0.575172117211721
"494",5.03,0.569549514951495
"495",5.04,0.573796939693969
"496",5.05,0.576810281028103
"497",5.06,0.575225402540254
"498",5.07,0.574742914291429
"499",5.08,0.577408700870087
"500",5.09,0.572595139513951
"501",5.1,0.574103810381038
"502",5.11,0.575111751175117
"503",5.12,0.576983378337834
"504",5.13,0.578604260426043
"505",5.14,0.576193779377938
"506",5.15,0.584541494149415
"507",5.16,0.573388378837884
"508",5.17,0.577211641164116
"509",5.18,0.572792399239924
"510",5.19,0.586179937993799
"511",5.2,0.574462086208621
"512",5.21,0.571089588958896
"513",5.22,0.583134353435343
"514",5.23,0.584079607960796
"515",5.24,0.581336093609361
"516",5.25,0.587662766276628
"517",5.26,0.583423662366237
"518",5.27,0.581219121912191
"519",5.28,0.588527412741274
"520",5.29,0.586667466746675
"521",5.3,0.58142898289829
"522",5.31,0.586795159515952
"523",5.32,0.578518371837184
"524",5.33,0.584395759575957
"525",5.34,0.584916731673167
"526",5.35,0.586151935193519
"527",5.36,0.58155799579958
"528",5.37,0.592725232523252
"529",5.38,0.595276407640764
"530",5.39,0.584692269226923
"531",5.4,0.592217821782178
"532",5.41,0.587527712771277
"533",5.42,0.600607780778078
"534",5.43,0.59524404440444
"535",5.44,0.592607540754075
"536",5.45,0.592130613061306
"537",5.46,0.587608320832083
"538",5.47,0.59811105110511
"539",5.48,0.605063906390639
"540",5.49,0.594687788778878
"541",5.5,0.600703230323032
"542",5.51,0.588940734073407
"543",5.52,0.597489588958896
"544",5.53,0.59700406040604
"545",5.54,0.598882528252825
"546",5.55,0.595855145514551
"547",5.56,0.597365136513651
"548",5.57,0.596923892389239
"549",5.58,0.597490629062906
"550",5.59,0.594575817581758
"551",5.6,0.605944794479448
"552",5.61,0.609426862686269
"553",5.62,0.601775617561756
"554",5.63,0.600950735073507
"555",5.64,0.602782318231823
"556",5.65,0.599450265026503
"557",5.66,0.602095289528953
"558",5.67,0.6122199819982
"559",5.68,0.60487804780478
"560",5.69,0.608233583358336
"561",5.7,0.606672667266727
"562",5.71,0.602392079207921
"563",5.72,0.603197679767977
"564",5.73,0.614980658065806
"565",5.74,0.612245864586459
"566",5.75,0.602086648664866
"567",5.76,0.603753535353535
"568",5.77,0.615147354735473
"569",5.78,0.616539213921392
"570",5.79,0.606173297329733
"571",5.8,0.609727332733273
"572",5.81,0.611267526752675
"573",5.82,0.612780238023802
"574",5.83,0.608821802180218
"575",5.84,0.619693289328933
"576",5.85,0.609953075307531
"577",5.86,0.607354295429543
"578",5.87,0.614824922492249
"579",5.88,0.615483148314831
"580",5.89,0.613464506450645
"581",5.9,0.615256565656566
"582",5.91,0.613888108810881
"583",5.92,0.618014641464146
"584",5.93,0.614674747474747
"585",5.94,0.619377337733773
"586",5.95,0.616389278927893
"587",5.96,0.612592539253925
"588",5.97,0.620110491049105
"589",5.98,0.613972437243724
"590",5.99,0.622630783078308
"591",6,0.620295109510951
"592",6.01,0.616289628962896
"593",6.02,0.62000204020402
"594",6.03,0.621672847284728
"595",6.04,0.62576397639764
"596",6.05,0.619163476347635
"597",6.06,0.624282508250825
"598",6.07,0.613285608560856
"599",6.08,0.629064906490649
"600",6.09,0.624398239823982
"601",6.1,0.624183818381838
"602",6.11,0.616985778577858
"603",6.12,0.625069826982698
"604",6.13,0.619996919691969
"605",6.14,0.626514771477148
"606",6.15,0.622006360636064
"607",6.16,0.621956075607561
"608",6.17,0.621498669866987
"609",6.18,0.626380918091809
"610",6.19,0.627004620462046
"611",6.2,0.62823206320632
"612",6.21,0.635624562456246
"613",6.22,0.623915671567157
"614",6.23,0.629437143714371
"615",6.24,0.625259885988599
"616",6.25,0.632482608260826
"617",6.26,0.626485528552855
"618",6.27,0.621338733873387
"619",6.28,0.631184718471847
"620",6.29,0.632814161416142
"621",6.3,0.632017841784178
"622",6.31,0.630575177517752
"623",6.32,0.634020442044204
"624",6.33,0.63357099709971
"625",6.34,0.632473847384738
"626",6.35,0.630096489648965
"627",6.36,0.64136597659766
"628",6.37,0.640666466646665
"629",6.38,0.627029702970297
"630",6.39,0.637363496349635
"631",6.4,0.63761804180418
"632",6.41,0.644516171617162
"633",6.42,0.632336593659366
"634",6.43,0.634397879787979
"635",6.44,0.642428842884288
"636",6.45,0.642772437243724
"637",6.46,0.636774237423742
"638",6.47,0.629961636163616
"639",6.48,0.63419305930593
"640",6.49,0.640784278427843
"641",6.5,0.645211201120112
"642",6.51,0.642696309630963
"643",6.52,0.648044764476448
"644",6.53,0.636686748674867
"645",6.54,0.645725572557256
"646",6.55,0.644766676667667
"647",6.56,0.644368636863686
"648",6.57,0.648332713271327
"649",6.58,0.642402560256025
"650",6.59,0.649223122312231
"651",6.6,0.64403900390039
"652",6.61,0.645675247524752
"653",6.62,0.645694689468947
"654",6.63,0.648860566056606
"655",6.64,0.644005600560056
"656",6.65,0.646223862386239
"657",6.66,0.648778597859786
"658",6.67,0.641511631163116
"659",6.68,0.650406480648065
"660",6.69,0.650401880188019
"661",6.7,0.656283268326833
"662",6.71,0.649926392639264
"663",6.72,0.64779605960596
"664",6.73,0.648741194119412
"665",6.74,0.655624082408241
"666",6.75,0.654288308830883
"667",6.76,0.656156375637564
"668",6.77,0.655110751075107
"669",6.78,0.655657685768577
"670",6.79,0.653353415341534
"671",6.8,0.659439583958396
"672",6.81,0.654598499849985
"673",6.82,0.652738353835383
"674",6.83,0.655172557255725
"675",6.84,0.657421262126213
"676",6.85,0.652039203920392
"677",6.86,0.653774897489749
"678",6.87,0.656362516251625
"679",6.88,0.658894329432943
"680",6.89,0.65701102110211
"681",6.9,0.652330953095309
"682",6.91,0.658561816181618
"683",6.92,0.656072127212721
"684",6.93,0.651332413241324
"685",6.94,0.657857865786579
"686",6.95,0.653630803080308
"687",6.96,0.660231503150315
"688",6.97,0.654481128112811
"689",6.98,0.66371305130513
"690",6.99,0.659579397939794
"691",7,0.659508830883088
"692",7.01,0.655462786278628
"693",7.02,0.660867646764676
"694",7.03,0.660444684468447
"695",7.04,0.655149594959496
"696",7.05,0.659987118711871
"697",7.06,0.659388618861886
"698",7.07,0.659323492349235
"699",7.08,0.668745794579458
"700",7.09,0.65649800980098
"701",7.1,0.661216881688169
"702",7.11,0.665933473347335
"703",7.12,0.665934793479348
"704",7.13,0.665127672767277
"705",7.14,0.660547854785478
"706",7.15,0.659968196819682
"707",7.16,0.668404240424042
"708",7.17,0.662949894989499
"709",7.18,0.665654765476548
"710",7.19,0.667493549354935
"711",7.2,0.663488908890889
"712",7.21,0.671778577857786
"713",7.22,0.663057785778578
"714",7.23,0.664106410641064
"715",7.24,0.669450585058506
"716",7.25,0.666955575557556
"717",7.26,0.669979397939794
"718",7.27,0.666435403540354
"719",7.28,0.663381378137814
"720",7.29,0.671062506250625
"721",7.3,0.675235363536353
"722",7.31,0.669058465846585
"723",7.32,0.665625562556255
"724",7.33,0.66749902990299
"725",7.34,0.669746294629463
"726",7.35,0.672843404340434
"727",7.36,0.675566756675667
"728",7.37,0.668751715171517
"729",7.38,0.670645184518452
"730",7.39,0.675297369736974
"731",7.4,0.676029562956296
"732",7.41,0.670526412641264
"733",7.42,0.674173257325733
"734",7.43,0.676362876287629
"735",7.44,0.67892501250125
"736",7.45,0.676711311131113
"737",7.46,0.676644504450445
"738",7.47,0.682537573757376
"739",7.48,0.677370657065706
"740",7.49,0.66994899489949
"741",7.5,0.673260566056606
"742",7.51,0.679475867586759
"743",7.52,0.685001220122012
"744",7.53,0.673962836283628
"745",7.54,0.674638423842384
"746",7.55,0.68595899589959
"747",7.56,0.675019181918192
"748",7.57,0.675509830983098
"749",7.58,0.682083448344834
"750",7.59,0.678113611361136
"751",7.6,0.677202720272027
"752",7.61,0.679740734073407
"753",7.62,0.679696249624962
"754",7.63,0.67377401740174
"755",7.64,0.685124272427243
"756",7.65,0.67702306230623
"757",7.66,0.68456597659766
"758",7.67,0.684384678467847
"759",7.68,0.678264786478648
"760",7.69,0.687700890089009
"761",7.7,0.679501790179018
"762",7.71,0.685898669866987
"763",7.72,0.68153399339934
"764",7.73,0.684930093009301
"765",7.74,0.684871447144714
"766",7.75,0.686166816681668
"767",7.76,0.679057345734573
"768",7.77,0.687622362236224
"769",7.78,0.68965496549655
"770",7.79,0.686348794879488
"771",7.8,0.67993899389939
"772",7.81,0.692157455745574
"773",7.82,0.689836943694369
"774",7.83,0.686256105610561
"775",7.84,0.683814141414141
"776",7.85,0.678016881688169
"777",7.86,0.688375877587759
"778",7.87,0.685884708470847
"779",7.88,0.68880800080008
"780",7.89,0.688155135513551
"781",7.9,0.683844624462446
"782",7.91,0.691178637863786
"783",7.92,0.695634883488349
"784",7.93,0.684435403540354
"785",7.94,0.692826482648265
"786",7.95,0.691520432043204
"787",7.96,0.690933293329333
"788",7.97,0.690482888288829
"789",7.98,0.691667286728673
"790",7.99,0.691960076007601
"791",8,0.689178077807781
"792",8.01,0.692047084708471
"793",8.02,0.693584158415842
"794",8.03,0.691723132313231
"795",8.04,0.693534673467347
"796",8.05,0.684883288328833
"797",8.06,0.693698929892989
"798",8.07,0.695445704570457
"799",8.08,0.695878947894789
"800",8.09,0.695204560456046
"801",8.1,0.695179357935793
"802",8.11,0.700409360936094
"803",8.12,0.697432383238324
"804",8.13,0.700117691769177
"805",8.14,0.703061346134613
"806",8.15,0.700282548254825
"807",8.16,0.697680528052805
"808",8.17,0.697938953895389
"809",8.18,0.695907670767077
"810",8.19,0.698235623562356
"811",8.2,0.700783398339834
"812",8.21,0.700646464646465
"813",8.22,0.696911091109111
"814",8.23,0.699942714271427
"815",8.24,0.7043200320032
"816",8.25,0.696473407340734
"817",8.26,0.704486928692869
"818",8.27,0.700332713271327
"819",8.28,0.697628202820282
"820",8.29,0.709103750375037
"821",8.3,0.697819421942194
"822",8.31,0.697246284628463
"823",8.32,0.705487868786879
"824",8.33,0.701007900790079
"825",8.34,0.70336401640164
"826",8.35,0.703587478747875
"827",8.36,0.70281500150015
"828",8.37,0.706529252925292
"829",8.38,0.702756155615561
"830",8.39,0.705893429342934
"831",8.4,0.707005100510051
"832",8.41,0.710091129112911
"833",8.42,0.706440364036404
"834",8.43,0.701392179217922
"835",8.44,0.711621082108211
"836",8.45,0.70271695169517
"837",8.46,0.703459865986599
"838",8.47,0.708164296429643
"839",8.48,0.705055945594559
"840",8.49,0.703362536253625
"841",8.5,0.702617181718172
"842",8.51,0.708520772077208
"843",8.52,0.70463802380238
"844",8.53,0.707039823982398
"845",8.54,0.711694209420942
"846",8.55,0.709621762176218
"847",8.56,0.705363296329633
"848",8.57,0.709269366936694
"849",8.58,0.707369176917692
"850",8.59,0.708522732273227
"851",8.6,0.707333613361336
"852",8.61,0.710324592459246
"853",8.62,0.709917631763176
"854",8.63,0.713058745874587
"855",8.64,0.709947514751475
"856",8.65,0.707689488948895
"857",8.66,0.711454265426543
"858",8.67,0.715603520352035
"859",8.68,0.712444324432443
"860",8.69,0.709838783878388
"861",8.7,0.714386078607861
"862",8.71,0.712452205220522
"863",8.72,0.713025462546255
"864",8.73,0.71087104710471
"865",8.74,0.716221942194219
"866",8.75,0.714999219921992
"867",8.76,0.716450765076508
"868",8.77,0.710728152815281
"869",8.78,0.712856285628563
"870",8.79,0.714883648364836
"871",8.8,0.713246604660466
"872",8.81,0.719348454845484
"873",8.82,0.710031483148315
"874",8.83,0.716240784078408
"875",8.84,0.718608380838084
"876",8.85,0.714754875487549
"877",8.86,0.718738153815381
"878",8.87,0.71835395539554
"879",8.88,0.714216301630163
"880",8.89,0.718365596559656
"881",8.9,0.720091569156916
"882",8.91,0.720239903990399
"883",8.92,0.71976297629763
"884",8.93,0.721269166916692
"885",8.94,0.719059625962596
"886",8.95,0.721652085208521
"887",8.96,0.720997659765977
"888",8.97,0.721820102010201
"889",8.98,0.720381438143814
"890",8.99,0.722853685368537
"891",9,0.723877627762776
"892",9.01,0.720434883488349
"893",9.02,0.715181278127813
"894",9.03,0.722829882988299
"895",9.04,0.722865366536654
"896",9.05,0.718665266526653
"897",9.06,0.725054385438544
"898",9.07,0.720734193419342
"899",9.08,0.719434383438344
"900",9.09,0.727220202020202
"901",9.1,0.723342254225422
"902",9.11,0.719984718471847
"903",9.12,0.723590759075908
"904",9.13,0.71948202820282
"905",9.14,0.727362216221622
"906",9.15,0.726565216521652
"907",9.16,0.724408480848085
"908",9.17,0.727583758375837
"909",9.18,0.726095129512951
"910",9.19,0.728148254825482
"911",9.2,0.722080528052805
"912",9.21,0.729914911491149
"913",9.22,0.725620562056206
"914",9.23,0.72787698769877
"915",9.24,0.721069906990699
"916",9.25,0.725102630263026
"917",9.26,0.723853345334533
"918",9.27,0.727524952495249
"919",9.28,0.724261866186619
"920",9.29,0.725735813581358
"921",9.3,0.731999639963996
"922",9.31,0.726206260626063
"923",9.32,0.72546402640264
"924",9.33,0.726502490249025
"925",9.34,0.730409520952095
"926",9.35,0.72986206620662
"927",9.36,0.725305850585058
"928",9.37,0.730715671567157
"929",9.38,0.725019381938194
"930",9.39,0.725528792879288
"931",9.4,0.727382778277828
"932",9.41,0.732135253525352
"933",9.42,0.728316831683168
"934",9.43,0.730513571357136
"935",9.44,0.733690409040904
"936",9.45,0.730724152415241
"937",9.46,0.725586878687869
"938",9.47,0.732011441144114
"939",9.48,0.734755235523552
"940",9.49,0.726570617061706
"941",9.5,0.733660886088609
"942",9.51,0.735087428742874
"943",9.52,0.729893669366937
"944",9.53,0.729099909990999
"945",9.54,0.729100510051005
"946",9.55,0.73028306830683
"947",9.56,0.736030843084308
"948",9.57,0.731066626662666
"949",9.58,0.727813861386138
"950",9.59,0.73770397039704
"951",9.6,0.735167436743674
"952",9.61,0.730211661166116
"953",9.62,0.73331297129713
"954",9.63,0.7357599759976
"955",9.64,0.73367904790479
"956",9.65,0.736388918891889
"957",9.66,0.734457725772577
"958",9.67,0.734566216621662
"959",9.68,0.734435323532353
"960",9.69,0.742078607860786
"961",9.7,0.737160556055605
"962",9.71,0.73492705270527
"963",9.72,0.738182338233823
"964",9.73,0.737827662766277
"965",9.74,0.742467086708671
"966",9.75,0.74021602160216
"967",9.76,0.739212841284128
"968",9.77,0.739756095609561
"969",9.78,0.743298169816982
"970",9.79,0.743255645564556
"971",9.8,0.740552295229523
"972",9.81,0.739686448644864
"973",9.82,0.737277807780778
"974",9.83,0.73810597059706
"975",9.84,0.735415141514151
"976",9.85,0.740327472747275
"977",9.86,0.7415900390039
"978",9.87,0.741862746274627
"979",9.88,0.739939873987399
"980",9.89,0.743648684868487
"981",9.9,0.741507310731073
"982",9.91,0.742631503150315
"983",9.92,0.739743534353435
"984",9.93,0.741282848284828
"985",9.94,0.742613821382138
"986",9.95,0.740547614761476
"987",9.96,0.74269598959896
"988",9.97,0.74938601860186
"989",9.98,0.740881168116812
"990",9.99,0.743153795379538
"991",10,0.748142774277428
"992",10.01,0.743186838683868
"993",10.02,0.747811421142114
"994",10.03,0.741200040004
"995",10.04,0.744266186618662
"996",10.05,0.743748774877488
"997",10.06,0.741533073307331
"998",10.07,0.744891449144914
"999",10.08,0.743366656665666
"1000",10.09,0.744720952095209
"1001",10.1,0.753008380838084
"1002",10.11,0.746035443544354
"1003",10.12,0.749617761776178
"1004",10.13,0.747794459445944
"1005",10.14,0.746530373037304
"1006",10.15,0.742913691369137
"1007",10.16,0.747017381738174
"1008",10.17,0.742876847684768
"1009",10.18,0.744712431243124
"1010",10.19,0.749022582258226
"1011",10.2,0.749492509250925
"1012",10.21,0.748506490649065
"1013",10.22,0.748140134013401
"1014",10.23,0.752438323832383
"1015",10.24,0.748568896889689
"1016",10.25,0.748111811181118
"1017",10.26,0.750330353035303
"1018",10.27,0.751916391639164
"1019",10.28,0.748587218721872
"1020",10.29,0.750052805280528
"1021",10.3,0.74836495649565
"1022",10.31,0.751448104810481
"1023",10.32,0.749379857985798
"1024",10.33,0.755239683968397
"1025",10.34,0.755741214121412
"1026",10.35,0.749596319631963
"1027",10.36,0.748674867486749
"1028",10.37,0.750353435343534
"1029",10.38,0.752346154615461
"1030",10.39,0.750781838183818
"1031",10.4,0.750765916591659
"1032",10.41,0.752943894389439
"1033",10.42,0.752604700470047
"1034",10.43,0.751568876887689
"1035",10.44,0.756595459545955
"1036",10.45,0.747191159115911
"1037",10.46,0.755647124712471
"1038",10.47,0.755852225222522
"1039",10.48,0.753019701970197
"1040",10.49,0.756546254625462
"1041",10.5,0.751225202520252
"1042",10.51,0.758015481548155
"1043",10.52,0.757565436543654
"1044",10.53,0.75338601860186
"1045",10.54,0.753968716871687
"1046",10.55,0.761292489248925
"1047",10.56,0.749296369636964
"1048",10.57,0.754739393939394
"1049",10.58,0.758283668366837
"1050",10.59,0.757845504550455
"1051",10.6,0.756331793179318
"1052",10.61,0.755194599459946
"1053",10.62,0.756606860686069
"1054",10.63,0.763592359235924
"1055",10.64,0.756569256925692
"1056",10.65,0.752494489448945
"1057",10.66,0.756190219021902
"1058",10.67,0.759565836583658
"1059",10.68,0.756871447144714
"1060",10.69,0.756474847484748
"1061",10.7,0.754313191319132
"1062",10.71,0.755161556155615
"1063",10.72,0.757574717471747
"1064",10.73,0.76121704170417
"1065",10.74,0.760059085908591
"1066",10.75,0.757252645264526
"1067",10.76,0.75776197619762
"1068",10.77,0.759017341734173
"1069",10.78,0.75423602360236
"1070",10.79,0.75600596059606
"1071",10.8,0.757689528952895
"1072",10.81,0.761189598959896
"1073",10.82,0.757501710171017
"1074",10.83,0.757696769676968
"1075",10.84,0.762242144214421
"1076",10.85,0.759053705370537
"1077",10.86,0.761460786078608
"1078",10.87,0.75933701370137
"1079",10.88,0.761982398239824
"1080",10.89,0.761106190619062
"1081",10.9,0.761913191319132
"1082",10.91,0.758989898989899
"1083",10.92,0.761374177417742
"1084",10.93,0.756309670967097
"1085",10.94,0.759863666366637
"1086",10.95,0.764790639063906
"1087",10.96,0.757770577057706
"1088",10.97,0.759402380238024
"1089",10.98,0.763200280028003
"1090",10.99,0.766671347134713
"1091",11,0.760873207320732
"1092",11.01,0.763053425342534
"1093",11.02,0.761740374037404
"1094",11.03,0.764638743874387
"1095",11.04,0.767147194719472
"1096",11.05,0.765751495149515
"1097",11.06,0.767542794279428
"1098",11.07,0.762882248224822
"1099",11.08,0.770557695769577
"1100",11.09,0.763362616261626
"1101",11.1,0.763965436543654
"1102",11.11,0.763076547654765
"1103",11.12,0.766561296129613
"1104",11.13,0.765509910991099
"1105",11.14,0.765802580258026
"1106",11.15,0.767548794879488
"1107",11.16,0.76910407040704
"1108",11.17,0.765009780978098
"1109",11.18,0.766193219321932
"1110",11.19,0.766983858385838
"1111",11.2,0.76829798979898
"1112",11.21,0.768095529552955
"1113",11.22,0.765137313731373
"1114",11.23,0.766769756975697
"1115",11.24,0.767859345934593
"1116",11.25,0.768191499149915
"1117",11.26,0.767779097909791
"1118",11.27,0.767512711271127
"1119",11.28,0.763914511451145
"1120",11.29,0.769263726372637
"1121",11.3,0.766381798179818
"1122",11.31,0.769261486148615
"1123",11.32,0.76932705270527
"1124",11.33,0.764098289828983
"1125",11.34,0.767173357335733
"1126",11.35,0.771167196719672
"1127",11.36,0.770595819581958
"1128",11.37,0.771564156415641
"1129",11.38,0.769070787078708
"1130",11.39,0.769746094609461
"1131",11.4,0.767689208920892
"1132",11.41,0.772385158515851
"1133",11.42,0.765442664266426
"1134",11.43,0.769171957195719
"1135",11.44,0.770874447444744
"1136",11.45,0.770530493049305
"1137",11.46,0.771780258025802
"1138",11.47,0.773674927492749
"1139",11.48,0.771725412541254
"1140",11.49,0.771551475147515
"1141",11.5,0.76865398539854
"1142",11.51,0.773556675667567
"1143",11.52,0.773770617061706
"1144",11.53,0.77559603960396
"1145",11.54,0.7734700670067
"1146",11.55,0.774134733473347
"1147",11.56,0.774215101510151
"1148",11.57,0.77233595359536
"1149",11.58,0.775748094809481
"1150",11.59,0.774385558555855
"1151",11.6,0.772724832483248
"1152",11.61,0.770589138913891
"1153",11.62,0.776890769076908
"1154",11.63,0.773110111011101
"1155",11.64,0.769888908890889
"1156",11.65,0.774170417041704
"1157",11.66,0.774821402140214
"1158",11.67,0.778028802880288
"1159",11.68,0.777116791679168
"1160",11.69,0.783253365336534
"1161",11.7,0.773513351335133
"1162",11.71,0.777962196219622
"1163",11.72,0.775625282528253
"1164",11.73,0.776106170617062
"1165",11.74,0.774339913991399
"1166",11.75,0.775296489648965
"1167",11.76,0.779501110111011
"1168",11.77,0.775740454045404
"1169",11.78,0.775822502250225
"1170",11.79,0.777693609360936
"1171",11.8,0.77522300230023
"1172",11.81,0.779256925692569
"1173",11.82,0.774869486948695
"1174",11.83,0.774070607060706
"1175",11.84,0.776577337733773
"1176",11.85,0.775263846384638
"1177",11.86,0.779858065806581
"1178",11.87,0.777280528052805
"1179",11.88,0.777636283628363
"1180",11.89,0.779565396539654
"1181",11.9,0.779676607660766
"1182",11.91,0.777497949794979
"1183",11.92,0.778126652665266
"1184",11.93,0.776081368136814
"1185",11.94,0.779780938093809
"1186",11.95,0.778814601460146
"1187",11.96,0.782405800580058
"1188",11.97,0.779388538853885
"1189",11.98,0.78058401840184
"1190",11.99,0.78307398739874
"1191",12,0.779379617961796
"1192",12.01,0.78157295729573
"1193",12.02,0.779500910091009
"1194",12.03,0.779395419541954
"1195",12.04,0.783550835083508
"1196",12.05,0.782952655265526
"1197",12.06,0.780511091109111
"1198",12.07,0.781691729172917
"1199",12.08,0.782437443744374
"1200",12.09,0.78142906290629
"1201",12.1,0.780130373037304
"1202",12.11,0.782345674567457
"1203",12.12,0.784878847884788
"1204",12.13,0.782987258725872
"1205",12.14,0.779731213121312
"1206",12.15,0.782060686068607
"1207",12.16,0.77869906990699
"1208",12.17,0.782645864586459
"1209",12.18,0.784217461746174
"1210",12.19,0.782405440544054
"1211",12.2,0.784889208920892
"1212",12.21,0.778145294529453
"1213",12.22,0.781566916691669
"1214",12.23,0.785771217121712
"1215",12.24,0.783858185818582
"1216",12.25,0.783997639763976
"1217",12.26,0.780910651065106
"1218",12.27,0.783042944294429
"1219",12.28,0.786953215321532
"1220",12.29,0.788072447244724
"1221",12.3,0.783220162016201
"1222",12.31,0.783455465546555
"1223",12.32,0.784469926992699
"1224",12.33,0.787063786378638
"1225",12.34,0.792328792879288
"1226",12.35,0.785839543954395
"1227",12.36,0.782863446344634
"1228",12.37,0.783690449044904
"1229",12.38,0.784812081208121
"1230",12.39,0.786678307830783
"1231",12.4,0.781301570157016
"1232",12.41,0.785594799479948
"1233",12.42,0.785444864486449
"1234",12.43,0.784698109810981
"1235",12.44,0.786764476447645
"1236",12.45,0.781785498549855
"1237",12.46,0.786057085708571
"1238",12.47,0.783626882688269
"1239",12.48,0.78644904490449
"1240",12.49,0.785131273127313
"1241",12.5,0.782935933593359
"1242",12.51,0.78681100110011
"1243",12.52,0.786412841284128
"1244",12.53,0.787983118311831
"1245",12.54,0.789012501250125
"1246",12.55,0.787915231523152
"1247",12.56,0.792067446744674
"1248",12.57,0.787512431243124
"1249",12.58,0.786944454445444
"1250",12.59,0.791564876487649
"1251",12.6,0.785398939893989
"1252",12.61,0.787360376037604
"1253",12.62,0.790346674667467
"1254",12.63,0.790539453945394
"1255",12.64,0.790027402740274
"1256",12.65,0.789384778477848
"1257",12.66,0.792391439143914
"1258",12.67,0.792015161516151
"1259",12.68,0.793303570357036
"1260",12.69,0.78889896989699
"1261",12.7,0.790713551355135
"1262",12.71,0.792852645264526
"1263",12.72,0.789943194319432
"1264",12.73,0.794720472047205
"1265",12.74,0.791170637063706
"1266",12.75,0.793214561456146
"1267",12.76,0.791232803280328
"1268",12.77,0.79320104010401
"1269",12.78,0.791550115011501
"1270",12.79,0.792254905490549
"1271",12.8,0.793762296229623
"1272",12.81,0.791639203920392
"1273",12.82,0.79300498049805
"1274",12.83,0.787610641064106
"1275",12.84,0.795737773777378
"1276",12.85,0.793555115511551
"1277",12.86,0.793537793779378
"1278",12.87,0.794872607260726
"1279",12.88,0.793153675367537
"1280",12.89,0.791696809680968
"1281",12.9,0.793575197519752
"1282",12.91,0.793549954995499
"1283",12.92,0.794552455245524
"1284",12.93,0.788116251625162
"1285",12.94,0.793540954095409
"1286",12.95,0.796545214521452
"1287",12.96,0.793991279127913
"1288",12.97,0.794932653265326
"1289",12.98,0.796076287628763
"1290",12.99,0.796681868186819
"1291",13,0.791793219321932
"1292",13.01,0.794500250025002
"1293",13.02,0.79599199919992
"1294",13.03,0.797951755175517
"1295",13.04,0.791284728472847
"1296",13.05,0.795788258825882
"1297",13.06,0.798006600660066
"1298",13.07,0.792839603960396
"1299",13.08,0.79410105010501
"1300",13.09,0.795368456845684
"1301",13.1,0.795894749474947
"1302",13.11,0.798421722172217
"1303",13.12,0.796499129912991
"1304",13.13,0.798092689268927
"1305",13.14,0.793576237623762
"1306",13.15,0.797786578657866
"1307",13.16,0.796299789978998
"1308",13.17,0.792604820482048
"1309",13.18,0.79505502550255
"1310",13.19,0.796668866886689
"1311",13.2,0.798859485948595
"1312",13.21,0.799986558655865
"1313",13.22,0.797390259025902
"1314",13.23,0.800876847684768
"1315",13.24,0.796363396339634
"1316",13.25,0.796858885888589
"1317",13.26,0.79412101210121
"1318",13.27,0.801060226022602
"1319",13.28,0.797700770077008
"1320",13.29,0.800853765376538
"1321",13.3,0.796471167116712
"1322",13.31,0.796180658065807
"1323",13.32,0.798768916891689
"1324",13.33,0.797655805580558
"1325",13.34,0.801638563856386
"1326",13.35,0.799786378637864
"1327",13.36,0.795163116311631
"1328",13.37,0.800699189918992
"1329",13.38,0.800359235923592
"1330",13.39,0.799488388838884
"1331",13.4,0.805104510451045
"1332",13.41,0.800951335133513
"1333",13.42,0.800665266526653
"1334",13.43,0.800021722172217
"1335",13.44,0.801988238823882
"1336",13.45,0.798922492249225
"1337",13.46,0.802167416741674
"1338",13.47,0.799694089408941
"1339",13.48,0.801353375337534
"1340",13.49,0.801169396939694
"1341",13.5,0.799832383238324
"1342",13.51,0.797470587058706
"1343",13.52,0.802896169616962
"1344",13.53,0.803068426842684
"1345",13.54,0.800568376837684
"1346",13.55,0.803134273427343
"1347",13.56,0.802743794379438
"1348",13.57,0.799600480048005
"1349",13.58,0.804255465546555
"1350",13.59,0.80100598059806
"1351",13.6,0.802241584158416
"1352",13.61,0.804569296929693
"1353",13.62,0.79936497649765
"1354",13.63,0.800928492849285
"1355",13.64,0.803656765676568
"1356",13.65,0.805296409640964
"1357",13.66,0.805877147714771
"1358",13.67,0.804503210321032
"1359",13.68,0.804192859285928
"1360",13.69,0.802942414241424
"1361",13.7,0.802275787578758
"1362",13.71,0.803023782378238
"1363",13.72,0.804987338733873
"1364",13.73,0.802677707770777
"1365",13.74,0.803373657365736
"1366",13.75,0.803761496149615
"1367",13.76,0.802936453645364
"1368",13.77,0.807101870187019
"1369",13.78,0.806508130813081
"1370",13.79,0.802721312131213
"1371",13.8,0.805053745374537
"1372",13.81,0.80802600260026
"1373",13.82,0.804067366736674
"1374",13.83,0.801546874687469
"1375",13.84,0.810266946694669
"1376",13.85,0.802747114711471
"1377",13.86,0.806143134313431
"1378",13.87,0.807059145914591
"1379",13.88,0.810569416941694
"1380",13.89,0.811587438743874
"1381",13.9,0.807401820182018
"1382",13.91,0.806261186118612
"1383",13.92,0.809119351935193
"1384",13.93,0.806816241624162
"1385",13.94,0.808389118911891
"1386",13.95,0.804001560156015
"1387",13.96,0.806326632663266
"1388",13.97,0.810177377737774
"1389",13.98,0.806356875687569
"1390",13.99,0.807476947694769
"1391",14,0.809805900590059
"1392",14.01,0.805751215121512
"1393",14.02,0.804319271927193
"1394",14.03,0.809267526752675
"1395",14.04,0.80783898389839
"1396",14.05,0.80829598959896
"1397",14.06,0.81062598259826
"1398",14.07,0.809266726672667
"1399",14.08,0.811839503950395
"1400",14.09,0.809415901590159
"1401",14.1,0.809246244624462
"1402",14.11,0.806627742774277
"1403",14.12,0.811525312531253
"1404",14.13,0.810203580358036
"1405",14.14,0.813807220722072
"1406",14.15,0.81226106610661
"1407",14.16,0.809696569656966
"1408",14.17,0.808223382338234
"1409",14.18,0.806738633863386
"1410",14.19,0.81205904590459
"1411",14.2,0.8090500250025
"1412",14.21,0.813293849384938
"1413",14.22,0.810204220422042
"1414",14.23,0.8066200220022
"1415",14.24,0.810772197219722
"1416",14.25,0.807013341334133
"1417",14.26,0.809114551455145
"1418",14.27,0.810519771977198
"1419",14.28,0.812512291229123
"1420",14.29,0.80923900390039
"1421",14.3,0.812569736973697
"1422",14.31,0.811897909790979
"1423",14.32,0.812260266026603
"1424",14.33,0.809364616461646
"1425",14.34,0.811765816581658
"1426",14.35,0.813294209420942
"1427",14.36,0.812502250225022
"1428",14.37,0.813361336133613
"1429",14.38,0.812390839083908
"1430",14.39,0.812787118711871
"1431",14.4,0.810353795379538
"1432",14.41,0.813335093509351
"1433",14.42,0.811156555655565
"1434",14.43,0.812462486248625
"1435",14.44,0.813923392339234
"1436",14.45,0.812152135213521
"1437",14.46,0.812431123112311
"1438",14.47,0.814265546554655
"1439",14.48,0.813262286228623
"1440",14.49,0.815476107610761
"1441",14.5,0.813789698969897
"1442",14.51,0.815391779177918
"1443",14.52,0.812284508450845
"1444",14.53,0.817781138113811
"1445",14.54,0.815639763976397
"1446",14.55,0.81335297529753
"1447",14.56,0.814829882988299
"1448",14.57,0.815891149114911
"1449",14.58,0.813764816481648
"1450",14.59,0.816627782778278
"1451",14.6,0.817583438343834
"1452",14.61,0.817094389438944
"1453",14.62,0.814986218621862
"1454",14.63,0.813604120412041
"1455",14.64,0.816499889988999
"1456",14.65,0.814399559955995
"1457",14.66,0.811280848084808
"1458",14.67,0.812628702870287
"1459",14.68,0.815576877687769
"1460",14.69,0.815652405240524
"1461",14.7,0.816080448044804
"1462",14.71,0.821047464746474
"1463",14.72,0.815477587758776
"1464",14.73,0.818177497749775
"1465",14.74,0.815074627462746
"1466",14.75,0.816076407640764
"1467",14.76,0.818543414341434
"1468",14.77,0.814342314231423
"1469",14.78,0.815269806980698
"1470",14.79,0.814551215121512
"1471",14.8,0.816306870687069
"1472",14.81,0.819076387638764
"1473",14.82,0.82253501350135
"1474",14.83,0.81800104010401
"1475",14.84,0.819395379537954
"1476",14.85,0.8147600360036
"1477",14.86,0.817616921692169
"1478",14.87,0.817074907490749
"1479",14.88,0.81631803180318
"1480",14.89,0.81690301030103
"1481",14.9,0.81991503150315
"1482",14.91,0.816363796379638
"1483",14.92,0.817937593759376
"1484",14.93,0.818946094609461
"1485",14.94,0.819405460546054
"1486",14.95,0.818141534153415
"1487",14.96,0.820246184618462
"1488",14.97,0.814808600860086
"1489",14.98,0.817286288628863
"1490",14.99,0.817998439843984
"1491",15,0.818948374837484
"1492",15.01,0.818009320932093
"1493",15.02,0.817142354235423
"1494",15.03,0.819357775777578
"1495",15.04,0.818486688668867
"1496",15.05,0.823251085108511
"1497",15.06,0.821393259325932
"1498",15.07,0.816013361336133
"1499",15.08,0.818919771977198
"1500",15.09,0.819729532953295
"1501",15.1,0.823432543254325
"1502",15.11,0.821750575057506
"1503",15.12,0.821472507250725
"1504",15.13,0.820841484148415
"1505",15.14,0.81893801380138
"1506",15.15,0.818057445744574
"1507",15.16,0.820367076707671
"1508",15.17,0.824260146014601
"1509",15.18,0.821684728472847
"1510",15.19,0.822527252725272
"1511",15.2,0.82252497249725
"1512",15.21,0.821859945994599
"1513",15.22,0.819020702070207
"1514",15.23,0.821153075307531
"1515",15.24,0.819469826982698
"1516",15.25,0.821942954295429
"1517",15.26,0.824455405540554
"1518",15.27,0.819918231823182
"1519",15.28,0.823113471347135
"1520",15.29,0.823102750275027
"1521",15.3,0.823592279227923
"1522",15.31,0.827394179417942
"1523",15.32,0.82101506150615
"1524",15.33,0.819861946194619
"1525",15.34,0.82268902890289
"1526",15.35,0.825532353235323
"1527",15.36,0.821078947894789
"1528",15.37,0.823421342134213
"1529",15.38,0.822843124312431
"1530",15.39,0.822852165216521
"1531",15.4,0.824582618261826
"1532",15.41,0.823704770477048
"1533",15.42,0.821674447444744
"1534",15.43,0.823642644264426
"1535",15.44,0.822991779177918
"1536",15.45,0.828228782878288
"1537",15.46,0.823117311731173
"1538",15.47,0.824385558555855
"1539",15.48,0.824078247824782
"1540",15.49,0.824856605660566
"1541",15.5,0.825460506050605
"1542",15.51,0.831422822282228
"1543",15.52,0.826543494349435
"1544",15.53,0.828171617161716
"1545",15.54,0.821118511851185
"1546",15.55,0.82370601060106
"1547",15.56,0.823532113211321
"1548",15.57,0.821255365536554
"1549",15.58,0.826936133613361
"1550",15.59,0.825135433543354
"1551",15.6,0.824497249724972
"1552",15.61,0.826681828182818
"1553",15.62,0.827669246924692
"1554",15.63,0.826179697969797
"1555",15.64,0.828213181318132
"1556",15.65,0.827387178717872
"1557",15.66,0.823915191519152
"1558",15.67,0.826224422442244
"1559",15.68,0.826358915891589
"1560",15.69,0.826401800180018
"1561",15.7,0.827015301530153
"1562",15.71,0.824998139813981
"1563",15.72,0.825380458045805
"1564",15.73,0.83004300430043
"1565",15.74,0.823890429042904
"1566",15.75,0.827558875887589
"1567",15.76,0.829230643064306
"1568",15.77,0.827260246024602
"1569",15.78,0.829631403140314
"1570",15.79,0.825150355035503
"1571",15.8,0.826307870787079
"1572",15.81,0.83092205220522
"1573",15.82,0.826206340634063
"1574",15.83,0.82588302830283
"1575",15.84,0.829763216321632
"1576",15.85,0.828249184918492
"1577",15.86,0.823400740074007
"1578",15.87,0.826592179217922
"1579",15.88,0.828649424942494
"1580",15.89,0.828483088308831
"1581",15.9,0.827598279827983
"1582",15.91,0.82727500750075
"1583",15.92,0.829171837183718
"1584",15.93,0.823968596859686
"1585",15.94,0.830793759375937
"1586",15.95,0.828720832083208
"1587",15.96,0.829330613061306
"1588",15.97,0.826368156815681
"1589",15.98,0.826391759175917
"1590",15.99,0.828728192819282
"1591",16,0.829659685968597
"1592",16.01,0.829191199119912
"1593",16.02,0.831566116611661
"1594",16.03,0.82816697669767
"1595",16.04,0.831072347234723
"1596",16.05,0.826615221522152
"1597",16.06,0.829358895889589
"1598",16.07,0.831083308330833
"1599",16.08,0.83210397039704
"1600",16.09,0.826993179317932
"1601",16.1,0.831056705670567
"1602",16.11,0.831296529652965
"1603",16.12,0.831852865286529
"1604",16.13,0.832026642664266
"1605",16.14,0.832903650365036
"1606",16.15,0.831346374637464
"1607",16.16,0.829003420342034
"1608",16.17,0.832354475447545
"1609",16.18,0.83284204420442
"1610",16.19,0.832604500450045
"1611",16.2,0.829384778477848
"1612",16.21,0.82880800080008
"1613",16.22,0.833191199119912
"1614",16.23,0.830452765276528
"1615",16.24,0.834453605360536
"1616",16.25,0.832113131313131
"1617",16.26,0.831553635363536
"1618",16.27,0.833693889388939
"1619",16.28,0.828894649464946
"1620",16.29,0.831593679367937
"1621",16.3,0.832967936793679
"1622",16.31,0.82987306730673
"1623",16.32,0.829445944594459
"1624",16.33,0.836407320732073
"1625",16.34,0.830607260726072
"1626",16.35,0.833859865986599
"1627",16.36,0.835219881988199
"1628",16.37,0.829981398139814
"1629",16.38,0.833372537253725
"1630",16.39,0.832880368036804
"1631",16.4,0.833435663566357
"1632",16.41,0.833005140514051
"1633",16.42,0.833942274227423
"1634",16.43,0.835036943694369
"1635",16.44,0.833599799979998
"1636",16.45,0.834968696869687
"1637",16.46,0.835183398339834
"1638",16.47,0.834792199219922
"1639",16.48,0.83209304930493
"1640",16.49,0.835309490949095
"1641",16.5,0.8333200120012
"1642",16.51,0.834276187618762
"1643",16.52,0.832475127512751
"1644",16.53,0.831696489648965
"1645",16.54,0.834118611861186
"1646",16.55,0.834838083808381
"1647",16.56,0.832244864486449
"1648",16.57,0.834917331733173
"1649",16.58,0.834932573257326
"1650",16.59,0.838202420242024
"1651",16.6,0.835709330933093
"1652",16.61,0.838432923292329
"1653",16.62,0.834439603960396
"1654",16.63,0.835544514451445
"1655",16.64,0.833086468646865
"1656",16.65,0.834813761376137
"1657",16.66,0.834170097009701
"1658",16.67,0.835236203620362
"1659",16.68,0.836466126612661
"1660",16.69,0.840193419341934
"1661",16.7,0.83424498449845
"1662",16.71,0.836429722972297
"1663",16.72,0.833386538653865
"1664",16.73,0.835879547954795
"1665",16.74,0.833953275327533
"1666",16.75,0.838193179317932
"1667",16.76,0.836590859085908
"1668",16.77,0.835525512551255
"1669",16.78,0.835726492649265
"1670",16.79,0.8354400240024
"1671",16.8,0.837407940794079
"1672",16.81,0.837512231223122
"1673",16.82,0.835385578557856
"1674",16.83,0.836281388138814
"1675",16.84,0.834325192519252
"1676",16.85,0.838749714971497
"1677",16.86,0.836734513451345
"1678",16.87,0.839869706970697
"1679",16.88,0.837715771577158
"1680",16.89,0.839906310631063
"1681",16.9,0.837204080408041
"1682",16.91,0.841058305830583
"1683",16.92,0.836948094809481
"1684",16.93,0.836147774777478
"1685",16.94,0.83953403340334
"1686",16.95,0.835417821782178
"1687",16.96,0.835354455445544
"1688",16.97,0.836513771377138
"1689",16.98,0.839024662466247
"1690",16.99,0.838968696869687
"1691",17,0.837066226622662
"1692",17.01,0.838948174817482
"1693",17.02,0.837207880788079
"1694",17.03,0.837762696269627
"1695",17.04,0.841457265726573
"1696",17.05,0.841118711871187
"1697",17.06,0.837575277527753
"1698",17.07,0.83900406040604
"1699",17.08,0.839436863686368
"1700",17.09,0.839139073907391
"1701",17.1,0.839536073607361
"1702",17.11,0.840737273727373
"1703",17.12,0.841683928392839
"1704",17.13,0.838716271627163
"1705",17.14,0.839540794079408
"1706",17.15,0.839675087508751
"1707",17.16,0.841498309830983
"1708",17.17,0.837043544354435
"1709",17.18,0.839248604860486
"1710",17.19,0.838381158115811
"1711",17.2,0.84091897189719
"1712",17.21,0.841228402840284
"1713",17.22,0.840422482248225
"1714",17.23,0.841997839783978
"1715",17.24,0.840469726972697
"1716",17.25,0.839374217421742
"1717",17.26,0.841173797379738
"1718",17.27,0.840870527052705
"1719",17.28,0.840235423542354
"1720",17.29,0.842704310431043
"1721",17.3,0.841721652165216
"1722",17.31,0.840011281128113
"1723",17.32,0.841808620862086
"1724",17.33,0.838214741474147
"1725",17.34,0.841297289728973
"1726",17.35,0.84222306230623
"1727",17.36,0.840858565856586
"1728",17.37,0.841752735273527
"1729",17.38,0.83971697169717
"1730",17.39,0.838457165716572
"1731",17.4,0.842836483648365
"1732",17.41,0.843132913291329
"1733",17.42,0.84138301830183
"1734",17.43,0.839634363436343
"1735",17.44,0.842156175617562
"1736",17.45,0.840350435043504
"1737",17.46,0.84183402340234
"1738",17.47,0.843440424042404
"1739",17.48,0.844261226122612
"1740",17.49,0.843894949494949
"1741",17.5,0.841755575557556
"1742",17.51,0.84598695869587
"1743",17.52,0.838894249424942
"1744",17.53,0.842974817481748
"1745",17.54,0.842985818581858
"1746",17.55,0.847049464946494
"1747",17.56,0.84364604460446
"1748",17.57,0.844176177617762
"1749",17.58,0.844757115711571
"1750",17.59,0.843438623862386
"1751",17.6,0.840623942394239
"1752",17.61,0.842778757875787
"1753",17.62,0.843609560956096
"1754",17.63,0.847208360836084
"1755",17.64,0.842714151415141
"1756",17.65,0.843046344634463
"1757",17.66,0.842668106810681
"1758",17.67,0.846102250225022
"1759",17.68,0.842111771177118
"1760",17.69,0.843786458645864
"1761",17.7,0.841151315131513
"1762",17.71,0.843026622662266
"1763",17.72,0.843327212721272
"1764",17.73,0.844584578457846
"1765",17.74,0.843078547854785
"1766",17.75,0.843968636863686
"1767",17.76,0.843304890489049
"1768",17.77,0.84568404840484
"1769",17.78,0.842574217421742
"1770",17.79,0.844188738873887
"1771",17.8,0.846627582758276
"1772",17.81,0.845624882488249
"1773",17.82,0.845949674967497
"1774",17.83,0.843858225822582
"1775",17.84,0.846244344434443
"1776",17.85,0.84533405340534
"1777",17.86,0.845396139613961
"1778",17.87,0.847920112011201
"1779",17.88,0.848344234423442
"1780",17.89,0.845651805180518
"1781",17.9,0.845611281128113
"1782",17.91,0.842717551755175
"1783",17.92,0.845527632763276
"1784",17.93,0.848270427042704
"1785",17.94,0.84565404540454
"1786",17.95,0.843239403940394
"1787",17.96,0.848055405540554
"1788",17.97,0.846975217521752
"1789",17.98,0.843509670967097
"1790",17.99,0.845208680868087
"1791",18,0.847143554355435
"1792",18.01,0.845376937693769
"1793",18.02,0.845921272127213
"1794",18.03,0.848488568856886
"1795",18.04,0.84638103810381
"1796",18.05,0.84737105710571
"1797",18.06,0.845285848584858
"1798",18.07,0.846294709470947
"1799",18.08,0.849462506250625
"1800",18.09,0.847174757475747
"1801",18.1,0.846864926492649
"1802",18.11,0.847799219921992
"1803",18.12,0.846674547454745
"1804",18.13,0.845539433943394
"1805",18.14,0.847998519851985
"1806",18.15,0.850752955295529
"1807",18.16,0.84704702470247
"1808",18.17,0.84950299029903
"1809",18.18,0.8494099809981
"1810",18.19,0.850583738373837
"1811",18.2,0.848470087008701
"1812",18.21,0.848992339233923
"1813",18.22,0.847331333133313
"1814",18.23,0.84764300430043
"1815",18.24,0.850769116911691
"1816",18.25,0.847527232723272
"1817",18.26,0.847825462546254
"1818",18.27,0.848593939393939
"1819",18.28,0.848726832683268
"1820",18.29,0.84845096509651
"1821",18.3,0.847959795979598
"1822",18.31,0.848784678467847
"1823",18.32,0.85015905590559
"1824",18.33,0.84790599059906
"1825",18.34,0.846023522352235
"1826",18.35,0.848963376337634
"1827",18.36,0.84962896289629
"1828",18.37,0.849389178917892
"1829",18.38,0.850547094709471
"1830",18.39,0.849666166616662
"1831",18.4,0.84900798079808
"1832",18.41,0.84940202020202
"1833",18.42,0.851213881388139
"1834",18.43,0.85021502150215
"1835",18.44,0.846844844484448
"1836",18.45,0.849663686368637
"1837",18.46,0.853450745074507
"1838",18.47,0.850489168916892
"1839",18.48,0.852615101510151
"1840",18.49,0.850770117011701
"1841",18.5,0.851855225522552
"1842",18.51,0.848827922792279
"1843",18.52,0.849781098109811
"1844",18.53,0.849173757375737
"1845",18.54,0.850484328432843
"1846",18.55,0.853680168016802
"1847",18.56,0.85129700970097
"1848",18.57,0.846614661466147
"1849",18.58,0.850147894789479
"1850",18.59,0.850561776177618
"1851",18.6,0.847809260926092
"1852",18.61,0.849137953795379
"1853",18.62,0.853225482548255
"1854",18.63,0.852422802280228
"1855",18.64,0.85091901190119
"1856",18.65,0.85018101810181
"1857",18.66,0.850619101910191
"1858",18.67,0.851658565856586
"1859",18.68,0.852250105010501
"1860",18.69,0.849510271027103
"1861",18.7,0.848184778477848
"1862",18.71,0.850080448044804
"1863",18.72,0.850655505550555
"1864",18.73,0.850991299129913
"1865",18.74,0.851177957795779
"1866",18.75,0.851948314831483
"1867",18.76,0.850424722472247
"1868",18.77,0.850523332333233
"1869",18.78,0.85167400740074
"1870",18.79,0.852469926992699
"1871",18.8,0.855586638663866
"1872",18.81,0.848908450845084
"1873",18.82,0.851141954195419
"1874",18.83,0.849769136913691
"1875",18.84,0.854423242324232
"1876",18.85,0.852053325332533
"1877",18.86,0.850803320332033
"1878",18.87,0.852378077807781
"1879",18.88,0.850314911491149
"1880",18.89,0.851438223822382
"1881",18.9,0.854538253825382
"1882",18.91,0.854333153315331
"1883",18.92,0.855348654865486
"1884",18.93,0.854071447144714
"1885",18.94,0.852646304630463
"1886",18.95,0.855170597059706
"1887",18.96,0.85389706970697
"1888",18.97,0.853891869186919
"1889",18.98,0.85329800980098
"1890",18.99,0.853739333933393
"1891",19,0.855732533253325
"1892",19.01,0.856205700570057
"1893",19.02,0.854533173317332
"1894",19.03,0.853585398539854
"1895",19.04,0.85608196819682
"1896",19.05,0.85274299429943
"1897",19.06,0.855898389838984
"1898",19.07,0.852756835683568
"1899",19.08,0.853709370937094
"1900",19.09,0.857555275527553
"1901",19.1,0.854153255325532
"1902",19.11,0.85705698569857
"1903",19.12,0.855745854585458
"1904",19.13,0.856244224422442
"1905",19.14,0.85607304730473
"1906",19.15,0.85644904490449
"1907",19.16,0.854130161557457
"1908",19.17,0.857279327932793
"1909",19.18,0.856102530253025
"1910",19.19,0.85640904090409
"1911",19.2,0.85622898289829
"1912",19.21,0.858442204220422
"1913",19.22,0.85703806380638
"1914",19.23,0.854106330633063
"1915",19.24,0.85686600660066
"1916",19.25,0.854373237323732
"1917",19.26,0.857318131813181
"1918",19.27,0.855885148514851
"1919",19.28,0.856834123412341
"1920",19.29,0.857291489148915
"1921",19.3,0.85684604460446
"1922",19.31,0.854562376237624
"1923",19.32,0.858032883288329
"1924",19.33,0.856398879887989
"1925",19.34,0.857391659165916
"1926",19.35,0.853478667866787
"1927",19.36,0.85410397039704
"1928",19.37,0.858179657965796
"1929",19.38,0.858126812681268
"1930",19.39,0.858514811481148
"1931",19.4,0.853605840584058
"1932",19.41,NA
"1933",19.42,0.858154695469547
"1934",19.43,0.855782338233823
"1935",19.44,0.858364836483648
"1936",19.45,0.853413221322132
"1937",19.46,0.854703790379038
"1938",19.47,0.857001860186018
"1939",19.48,0.856440604060406
"1940",19.49,0.857308610861086
"1941",19.5,0.856594699469947
"1942",19.51,0.856390279027903
"1943",19.52,0.857496789678968
"1944",19.53,0.858194699469947
"1945",19.54,0.858460246024602
"1946",19.55,0.859705210521052
"1947",19.56,0.856273467346735
"1948",19.57,NA
"1949",19.58,0.854726672667267
"1950",19.59,0.857854665466547
"1951",19.6,0.857864746474647
"1952",19.61,0.857456185618562
"1953",19.62,0.856922172217222
"1954",19.63,0.858824802480248
"1955",19.64,0.856840724072407
"1956",19.65,0.857204080408041
"1957",19.66,0.858033083308331
"1958",19.67,0.862033763376338
"1959",19.68,NA
"1960",19.69,0.856608860886088
"1961",19.7,0.858694349434943
"1962",19.71,0.86015405540554
"1963",19.72,0.857654485448545
"1964",19.73,0.859013701370137
"1965",19.74,NA
"1966",19.75,0.85977601760176
"1967",19.76,0.855289448944894
"1968",19.77,0.860812081208121
"1969",19.78,0.860061606160616
"1970",19.79,0.859375137513751
"1971",19.8,0.861992839283928
"1972",19.81,0.858577537753775
"1973",19.82,0.861587118711871
"1974",19.83,0.860698709870987
"1975",19.84,0.858015721572157
"1976",19.85,0.860429442944294
"1977",19.86,0.859937673767377
"1978",19.87,0.863868666866687
"1979",19.88,NA
"1980",19.89,NA
"1981",19.9,NA
"1982",19.91,NA
"1983",19.92,0.861981318131813
"1984",19.93,NA
"1985",19.94,0.860950815081508
"1986",19.95,NA
"1987",19.96,0.86190303030303
"1988",19.97,0.860722672267227
"1989",19.98,NA
"1990",19.99,NA
"1991",20,NA
"1992",20.01,NA
"1993",20.02,NA
"1994",20.03,NA
"1995",20.04,NA
"1996",20.05,NA
"1997",20.06,0.862216821682168
"1998",20.07,NA
"1999",20.08,NA
"2000",20.09,NA
"2001",20.1,NA
"2002",20.11,NA
"2003",20.12,NA
"2004",20.13,NA
"2005",20.14,NA
"2006",20.15,NA
"2007",20.16,NA
"2008",20.17,NA
"2009",20.18,NA
"2010",20.19,NA
"2011",20.2,NA
"2012",20.21,NA
"2013",20.22,0.861999799979998
"2014",20.23,NA
"2015",20.24,NA
"2016",20.25,0.863524272427243
"2017",20.26,NA
"2018",20.27,NA
"2019",20.28,NA
"2020",20.29,NA
"2021",20.3,NA
"2022",20.31,NA
"2023",20.32,NA
"2024",20.33,NA
"2025",20.34,NA
"2026",20.35,NA
"2027",20.36,NA
"2028",20.37,NA
"2029",20.38,NA
"2030",20.39,NA
"2031",20.4,NA
"2032",20.41,NA
"2033",20.42,NA
"2034",20.43,NA
"2035",20.44,NA
"2036",20.45,NA
"2037",20.46,NA
"2038",20.47,NA
"2039",20.48,NA
"2040",20.49,NA
"2041",20.5,NA
"2042",20.51,NA
"2043",20.52,NA
"2044",20.53,NA
"2045",20.54,NA
"2046",20.55,NA
"2047",20.56,NA
"2048",20.57,NA
"2049",20.58,NA
"2050",20.59,NA
"2051",20.6,NA
"2052",20.61,NA
"2053",20.62,NA
"2054",20.63,NA
"2055",20.64,NA
"2056",20.65,NA
"2057",20.66,NA
"2058",20.67,NA
"2059",20.68,NA
"2060",20.69,NA
"2061",20.7,NA
"2062",20.71,NA
"2063",20.72,NA
"2064",20.73,NA
"2065",20.74,NA
"2066",20.75,NA
"2067",20.76,NA
"2068",20.77,NA
"2069",20.78,NA
"2070",20.79,NA
"2071",20.8,NA
"2072",20.81,NA
"2073",20.82,NA
"2074",20.83,NA
"2075",20.84,NA
"2076",20.85,NA
"2077",20.86,NA
"2078",20.87,NA
"2079",20.88,NA
"2080",20.89,NA
"2081",20.9,NA
"2082",20.91,NA
"2083",20.92,NA
"2084",20.93,NA
"2085",20.94,NA
"2086",20.95,NA
"2087",20.96,NA
"2088",20.97,NA
"2089",20.98,NA
"2090",20.99,NA
"2091",21,NA
"2092",21.01,NA
"2093",21.02,NA
"2094",21.03,NA
"2095",21.04,NA
"2096",21.05,NA
"2097",21.06,NA
"2098",21.07,NA
"2099",21.08,NA
"2100",21.09,NA
"2101",21.1,NA
"2102",21.11,NA
"2103",21.12,NA
"2104",21.13,NA
"2105",21.14,NA
"2106",21.15,NA
"2107",21.16,NA
"2108",21.17,NA
"2109",21.18,NA
"2110",21.19,NA
"2111",21.2,NA
"2112",21.21,NA
"2113",21.22,NA
"2114",21.23,NA
"2115",21.24,NA
"2116",21.25,NA
"2117",21.26,NA
"2118",21.27,NA
"2119",21.28,NA
"2120",21.29,NA
"2121",21.3,NA
"2122",21.31,NA
"2123",21.32,NA
"2124",21.33,NA
"2125",21.34,NA
"2126",21.35,NA
"2127",21.36,NA
"2128",21.37,NA
"2129",21.38,NA
"2130",21.39,NA
"2131",21.4,NA
"2132",21.41,NA
"2133",21.42,NA
"2134",21.43,NA
"2135",21.44,NA
"2136",21.45,NA
"2137",21.46,NA
"2138",21.47,NA
"2139",21.48,NA
"2140",21.49,NA
"2141",21.5,NA
"2142",21.51,NA
"2143",21.52,NA
"2144",21.53,NA
"2145",21.54,NA
"2146",21.55,NA
"2147",21.56,NA
"2148",21.57,NA
"2149",21.58,NA
"2150",21.59,NA
"2151",21.6,NA
"2152",21.61,NA
"2153",21.62,NA
"2154",21.63,NA
"2155",21.64,NA
"2156",21.65,NA
"2157",21.66,NA
"2158",21.67,NA
"2159",21.68,NA
"2160",21.69,NA
"2161",21.7,NA
"2162",21.71,NA
"2163",21.72,NA
"2164",21.73,NA
"2165",21.74,NA
"2166",21.75,NA
"2167",21.76,NA
"2168",21.77,NA
"2169",21.78,NA
"2170",21.79,NA
"2171",21.8,NA
"2172",21.81,NA
"2173",21.82,NA
"2174",21.83,NA
"2175",21.84,NA
"2176",21.85,NA
"2177",21.86,NA
"2178",21.87,NA
"2179",21.88,NA
"2180",21.89,NA
"2181",21.9,NA
"2182",21.91,NA
"2183",21.92,NA
"2184",21.93,NA
"2185",21.94,NA
"2186",21.95,NA
"2187",21.96,NA
"2188",21.97,NA
"2189",21.98,NA
"2190",21.99,NA
"2191",22,NA
"2192",22.01,NA
"2193",22.02,NA
"2194",22.03,NA
"2195",22.04,NA
"2196",22.05,NA
"2197",22.06,NA
"2198",22.07,NA
"2199",22.08,NA
"2200",22.09,NA
"2201",22.1,NA
"2202",22.11,NA
"2203",22.12,NA
"2204",22.13,NA
"2205",22.14,NA
"2206",22.15,NA
"2207",22.16,NA
"2208",22.17,NA
"2209",22.18,NA
"2210",22.19,NA
"2211",22.2,NA
"2212",22.21,NA
"2213",22.22,NA
"2214",22.23,NA
"2215",22.24,NA
"2216",22.25,NA
"2217",22.26,NA
"2218",22.27,NA
"2219",22.28,NA
"2220",22.29,NA
"2221",22.3,NA
"2222",22.31,NA
"2223",22.32,NA
"2224",22.33,NA
"2225",22.34,NA
"2226",22.35,NA
"2227",22.36,NA
"2228",22.37,NA
"2229",22.38,NA
"2230",22.39,NA
"2231",22.4,NA
"2232",22.41,NA
"2233",22.42,NA
"2234",22.43,NA
"2235",22.44,NA
"2236",22.45,NA
"2237",22.46,NA
"2238",22.47,NA
"2239",22.48,NA
"2240",22.49,NA
"2241",22.5,NA
"2242",22.51,NA
"2243",22.52,NA
"2244",22.53,NA
"2245",22.54,NA
"2246",22.55,NA
"2247",22.56,NA
"2248",22.57,NA
"2249",22.58,NA
"2250",22.59,NA
"2251",22.6,NA
"2252",22.61,NA
"2253",22.62,NA
"2254",22.63,NA
"2255",22.64,NA
"2256",22.65,NA
"2257",22.66,NA
"2258",22.67,NA
"2259",22.68,NA
"2260",22.69,NA
"2261",22.7,NA
"2262",22.71,NA
"2263",22.72,NA
"2264",22.73,NA
"2265",22.74,NA
"2266",22.75,NA
"2267",22.76,NA
"2268",22.77,NA
"2269",22.78,NA
"2270",22.79,NA
"2271",22.8,NA
"2272",22.81,NA
"2273",22.82,NA
"2274",22.83,NA
"2275",22.84,NA
"2276",22.85,NA
"2277",22.86,NA
"2278",22.87,NA
"2279",22.88,NA
"2280",22.89,NA
"2281",22.9,NA
"2282",22.91,NA
"2283",22.92,NA
"2284",22.93,NA
"2285",22.94,NA
"2286",22.95,NA
"2287",22.96,NA
"2288",22.97,NA
"2289",22.98,NA
"2290",22.99,NA
"2291",23,NA
"2292",23.01,NA
"2293",23.02,NA
"2294",23.03,NA
"2295",23.04,NA
"2296",23.05,NA
"2297",23.06,NA
"2298",23.07,NA
"2299",23.08,NA
"2300",23.09,NA
"2301",23.1,NA
"2302",23.11,NA
"2303",23.12,NA
"2304",23.13,NA
"2305",23.14,NA
"2306",23.15,NA
"2307",23.16,NA
"2308",23.17,NA
"2309",23.18,NA
"2310",23.19,NA
"2311",23.2,NA
"2312",23.21,NA
"2313",23.22,NA
"2314",23.23,NA
"2315",23.24,NA
"2316",23.25,NA
"2317",23.26,NA
"2318",23.27,NA
"2319",23.28,NA
"2320",23.29,NA
"2321",23.3,NA
"2322",23.31,NA
"2323",23.32,NA
"2324",23.33,NA
"2325",23.34,NA
"2326",23.35,NA
"2327",23.36,NA
"2328",23.37,NA
"2329",23.38,NA
"2330",23.39,NA
"2331",23.4,NA
"2332",23.41,NA
"2333",23.42,NA
"2334",23.43,NA
"2335",23.44,NA
"2336",23.45,NA
"2337",23.46,NA
"2338",23.47,NA
"2339",23.48,NA
"2340",23.49,NA
"2341",23.5,NA
"2342",23.51,NA
"2343",23.52,NA
"2344",23.53,NA
"2345",23.54,NA
"2346",23.55,NA
"2347",23.56,NA
"2348",23.57,NA
"2349",23.58,NA
"2350",23.59,NA
"2351",23.6,NA
"2352",23.61,NA
"2353",23.62,NA
"2354",23.63,NA
"2355",23.64,NA
"2356",23.65,NA
"2357",23.66,NA
"2358",23.67,NA
"2359",23.68,NA
"2360",23.69,NA
"2361",23.7,NA
"2362",23.71,NA
"2363",23.72,NA
"2364",23.73,NA
"2365",23.74,NA
"2366",23.75,NA
"2367",23.76,NA
"2368",23.77,NA
"2369",23.78,NA
"2370",23.79,NA
"2371",23.8,NA
"2372",23.81,NA
"2373",23.82,NA
"2374",23.83,NA
"2375",23.84,NA
"2376",23.85,NA
"2377",23.86,NA
"2378",23.87,NA
"2379",23.88,NA
"2380",23.89,NA
"2381",23.9,NA
"2382",23.91,NA
"2383",23.92,NA
"2384",23.93,NA
"2385",23.94,NA
"2386",23.95,NA
"2387",23.96,NA
"2388",23.97,NA
"2389",23.98,NA
"2390",23.99,NA
"2391",24,NA
"2392",24.01,NA
"2393",24.02,NA
"2394",24.03,NA
"2395",24.04,NA
"2396",24.05,NA
"2397",24.06,NA
"2398",24.07,NA
"2399",24.08,NA
"2400",24.09,NA
"2401",24.1,NA
"2402",24.11,NA
"2403",24.12,NA
"2404",24.13,NA
"2405",24.14,NA
"2406",24.15,NA
"2407",24.16,NA
"2408",24.17,NA
"2409",24.18,NA
"2410",24.19,NA
"2411",24.2,NA
"2412",24.21,NA
"2413",24.22,NA
"2414",24.23,NA
"2415",24.24,NA
"2416",24.25,NA
"2417",24.26,NA
"2418",24.27,NA
"2419",24.28,NA
"2420",24.29,NA
"2421",24.3,NA
"2422",24.31,NA
"2423",24.32,NA
"2424",24.33,NA
"2425",24.34,NA
"2426",24.35,NA
"2427",24.36,NA
"2428",24.37,NA
"2429",24.38,NA
"2430",24.39,NA
"2431",24.4,NA
"2432",24.41,NA
"2433",24.42,NA
"2434",24.43,NA
"2435",24.44,NA
"2436",24.45,NA
"2437",24.46,NA
"2438",24.47,NA
"2439",24.48,NA
"2440",24.49,NA
"2441",24.5,NA
"2442",24.51,NA
"2443",24.52,NA
"2444",24.53,NA
"2445",24.54,NA
"2446",24.55,NA
"2447",24.56,NA
"2448",24.57,NA
"2449",24.58,NA
"2450",24.59,NA
"2451",24.6,NA
"2452",24.61,NA
"2453",24.62,NA
"2454",24.63,NA
"2455",24.64,NA
"2456",24.65,NA
"2457",24.66,NA
"2458",24.67,NA
"2459",24.68,NA
"2460",24.69,NA
"2461",24.7,NA
"2462",24.71,NA
"2463",24.72,NA
"2464",24.73,NA
"2465",24.74,NA
"2466",24.75,NA
"2467",24.76,NA
"2468",24.77,NA
"2469",24.78,NA
"2470",24.79,NA
"2471",24.8,NA
"2472",24.81,NA
"2473",24.82,NA
"2474",24.83,NA
"2475",24.84,NA
"2476",24.85,NA
"2477",24.86,NA
"2478",24.87,NA
"2479",24.88,NA
"2480",24.89,NA
"2481",24.9,NA
"2482",24.91,NA
"2483",24.92,NA
"2484",24.93,NA
"2485",24.94,NA
"2486",24.95,NA
"2487",24.96,NA
"2488",24.97,NA
"2489",24.98,NA
"2490",24.99,NA
"2491",25,NA
"2492",25.01,NA
"2493",25.02,NA
"2494",25.03,NA
"2495",25.04,NA
"2496",25.05,NA
"2497",25.06,NA
"2498",25.07,NA
"2499",25.08,NA
"2500",25.09,NA
"2501",25.1,NA
"2502",25.11,NA
"2503",25.12,NA
"2504",25.13,NA
"2505",25.14,NA
"2506",25.15,NA
"2507",25.16,NA
"2508",25.17,NA
"2509",25.18,NA
"2510",25.19,NA
"2511",25.2,NA
"2512",25.21,NA
"2513",25.22,NA
"2514",25.23,NA
"2515",25.24,NA
"2516",25.25,NA
"2517",25.26,NA
"2518",25.27,NA
"2519",25.28,NA
"2520",25.29,NA
"2521",25.3,NA
"2522",25.31,NA
"2523",25.32,NA
"2524",25.33,NA
"2525",25.34,NA
"2526",25.35,NA
"2527",25.36,NA
"2528",25.37,NA
"2529",25.38,NA
"2530",25.39,NA
"2531",25.4,NA
"2532",25.41,NA
"2533",25.42,NA
"2534",25.43,NA
"2535",25.44,NA
"2536",25.45,NA
"2537",25.46,NA
"2538",25.47,NA
"2539",25.48,NA
"2540",25.49,NA
"2541",25.5,NA
"2542",25.51,NA
"2543",25.52,NA
"2544",25.53,NA
"2545",25.54,NA
"2546",25.55,NA
"2547",25.56,NA
"2548",25.57,NA
"2549",25.58,NA
"2550",25.59,NA
"2551",25.6,NA
"2552",25.61,NA
"2553",25.62,NA
"2554",25.63,NA
"2555",25.64,NA
"2556",25.65,NA
"2557",25.66,NA
"2558",25.67,NA
"2559",25.68,NA
"2560",25.69,NA
"2561",25.7,NA
"2562",25.71,NA
"2563",25.72,NA
"2564",25.73,NA
"2565",25.74,NA
"2566",25.75,NA
"2567",25.76,NA
"2568",25.77,NA
"2569",25.78,NA
"2570",25.79,NA
"2571",25.8,NA
"2572",25.81,NA
"2573",25.82,NA
"2574",25.83,NA
"2575",25.84,NA
"2576",25.85,NA
"2577",25.86,NA
"2578",25.87,NA
"2579",25.88,NA
"2580",25.89,NA
"2581",25.9,NA
"2582",25.91,NA
"2583",25.92,NA
"2584",25.93,NA
"2585",25.94,NA
"2586",25.95,NA
"2587",25.96,NA
"2588",25.97,NA
"2589",25.98,NA
"2590",25.99,NA
"2591",26,NA
"2592",26.01,NA
"2593",26.02,NA
"2594",26.03,NA
"2595",26.04,NA
"2596",26.05,NA
"2597",26.06,NA
"2598",26.07,NA
"2599",26.08,NA
"2600",26.09,NA
"2601",26.1,NA
"2602",26.11,NA
"2603",26.12,NA
"2604",26.13,NA
"2605",26.14,NA
"2606",26.15,NA
"2607",26.16,NA
"2608",26.17,NA
"2609",26.18,NA
"2610",26.19,NA
"2611",26.2,NA
"2612",26.21,NA
"2613",26.22,NA
"2614",26.23,NA
"2615",26.24,NA
"2616",26.25,NA
"2617",26.26,NA
"2618",26.27,NA
"2619",26.28,NA
"2620",26.29,NA
"2621",26.3,NA
"2622",26.31,NA
"2623",26.32,NA
"2624",26.33,NA
"2625",26.34,NA
"2626",26.35,NA
"2627",26.36,NA
"2628",26.37,NA
"2629",26.38,NA
"2630",26.39,NA
"2631",26.4,NA
"2632",26.41,NA
"2633",26.42,NA
"2634",26.43,NA
"2635",26.44,NA
"2636",26.45,NA
"2637",26.46,NA
"2638",26.47,NA
"2639",26.48,NA
"2640",26.49,NA
"2641",26.5,NA
"2642",26.51,NA
"2643",26.52,NA
"2644",26.53,NA
"2645",26.54,NA
"2646",26.55,NA
"2647",26.56,NA
"2648",26.57,NA
"2649",26.58,NA
"2650",26.59,NA
"2651",26.6,NA
"2652",26.61,NA
"2653",26.62,NA
"2654",26.63,NA
"2655",26.64,NA
"2656",26.65,NA
"2657",26.66,NA
"2658",26.67,NA
"2659",26.68,NA
"2660",26.69,NA
"2661",26.7,NA
"2662",26.71,NA
"2663",26.72,NA
"2664",26.73,NA
"2665",26.74,NA
"2666",26.75,NA
"2667",26.76,NA
"2668",26.77,NA
"2669",26.78,NA
"2670",26.79,NA
"2671",26.8,NA
"2672",26.81,NA
"2673",26.82,NA
"2674",26.83,NA
"2675",26.84,NA
"2676",26.85,NA
"2677",26.86,NA
"2678",26.87,NA
"2679",26.88,NA
"2680",26.89,NA
"2681",26.9,NA
"2682",26.91,NA
"2683",26.92,NA
"2684",26.93,NA
"2685",26.94,NA
"2686",26.95,NA
"2687",26.96,NA
"2688",26.97,NA
"2689",26.98,NA
"2690",26.99,NA
"2691",27,NA
"2692",27.01,NA
"2693",27.02,NA
"2694",27.03,NA
"2695",27.04,NA
"2696",27.05,NA
"2697",27.06,NA
"2698",27.07,NA
"2699",27.08,NA
"2700",27.09,NA
"2701",27.1,NA
"2702",27.11,NA
"2703",27.12,NA
"2704",27.13,NA
"2705",27.14,NA
"2706",27.15,NA
"2707",27.16,NA
"2708",27.17,NA
"2709",27.18,NA
"2710",27.19,NA
"2711",27.2,NA
"2712",27.21,NA
"2713",27.22,NA
"2714",27.23,NA
"2715",27.24,NA
"2716",27.25,NA
"2717",27.26,NA
"2718",27.27,NA
"2719",27.28,NA
"2720",27.29,NA
"2721",27.3,NA
"2722",27.31,NA
"2723",27.32,NA
"2724",27.33,NA
"2725",27.34,NA
"2726",27.35,NA
"2727",27.36,NA
"2728",27.37,NA
"2729",27.38,NA
"2730",27.39,NA
"2731",27.4,NA
"2732",27.41,NA
"2733",27.42,NA
"2734",27.43,NA
"2735",27.44,NA
"2736",27.45,NA
"2737",27.46,NA
"2738",27.47,NA
"2739",27.48,NA
"2740",27.49,NA
"2741",27.5,NA
"2742",27.51,NA
"2743",27.52,NA
"2744",27.53,NA
"2745",27.54,NA
"2746",27.55,NA
"2747",27.56,NA
"2748",27.57,NA
"2749",27.58,NA
"2750",27.59,NA
"2751",27.6,NA
"2752",27.61,NA
"2753",27.62,NA
"2754",27.63,NA
"2755",27.64,NA
"2756",27.65,NA
"2757",27.66,NA
"2758",27.67,NA
"2759",27.68,NA
"2760",27.69,NA
"2761",27.7,NA
"2762",27.71,NA
"2763",27.72,NA
"2764",27.73,NA
"2765",27.74,NA
"2766",27.75,NA
"2767",27.76,NA
"2768",27.77,NA
"2769",27.78,NA
"2770",27.79,NA
"2771",27.8,NA
"2772",27.81,NA
"2773",27.82,NA
"2774",27.83,NA
"2775",27.84,NA
"2776",27.85,NA
"2777",27.86,NA
"2778",27.87,NA
"2779",27.88,NA
"2780",27.89,NA
"2781",27.9,NA
"2782",27.91,NA
"2783",27.92,NA
"2784",27.93,NA
"2785",27.94,NA
"2786",27.95,NA
"2787",27.96,NA
"2788",27.97,NA
"2789",27.98,NA
"2790",27.99,NA
"2791",28,NA
"2792",28.01,NA
"2793",28.02,NA
"2794",28.03,NA
"2795",28.04,NA
"2796",28.05,NA
"2797",28.06,NA
"2798",28.07,NA
"2799",28.08,NA
"2800",28.09,NA
"2801",28.1,NA
"2802",28.11,NA
"2803",28.12,NA
"2804",28.13,NA
"2805",28.14,NA
"2806",28.15,NA
"2807",28.16,NA
"2808",28.17,NA
"2809",28.18,NA
"2810",28.19,NA
"2811",28.2,NA
"2812",28.21,NA
"2813",28.22,NA
"2814",28.23,NA
"2815",28.24,NA
"2816",28.25,NA
"2817",28.26,NA
"2818",28.27,NA
"2819",28.28,NA
"2820",28.29,NA
"2821",28.3,NA
"2822",28.31,NA
"2823",28.32,NA
"2824",28.33,NA
"2825",28.34,NA
"2826",28.35,NA
"2827",28.36,NA
"2828",28.37,NA
"2829",28.38,NA
"2830",28.39,NA
"2831",28.4,NA
"2832",28.41,NA
"2833",28.42,NA
"2834",28.43,NA
"2835",28.44,NA
"2836",28.45,NA
"2837",28.46,NA
"2838",28.47,NA
"2839",28.48,NA
"2840",28.49,NA
"2841",28.5,NA
"2842",28.51,NA
"2843",28.52,NA
"2844",28.53,NA
"2845",28.54,NA
"2846",28.55,NA
"2847",28.56,NA
"2848",28.57,NA
"2849",28.58,NA
"2850",28.59,NA
"2851",28.6,NA
"2852",28.61,NA
"2853",28.62,NA
"2854",28.63,NA
"2855",28.64,NA
"2856",28.65,NA
"2857",28.66,NA
"2858",28.67,NA
"2859",28.68,NA
"2860",28.69,NA
"2861",28.7,NA
"2862",28.71,NA
"2863",28.72,NA
"2864",28.73,NA
"2865",28.74,NA
"2866",28.75,NA
"2867",28.76,NA
"2868",28.77,NA
"2869",28.78,NA
"2870",28.79,NA
"2871",28.8,NA
"2872",28.81,NA
"2873",28.82,NA
"2874",28.83,NA
"2875",28.84,NA
"2876",28.85,NA
"2877",28.86,NA
"2878",28.87,NA
"2879",28.88,NA
"2880",28.89,NA
"2881",28.9,NA
"2882",28.91,NA
"2883",28.92,NA
"2884",28.93,NA
"2885",28.94,NA
"2886",28.95,NA
"2887",28.96,NA
"2888",28.97,NA
"2889",28.98,NA
"2890",28.99,NA
"2891",29,NA
"2892",29.01,NA
"2893",29.02,NA
"2894",29.03,NA
"2895",29.04,NA
"2896",29.05,NA
"2897",29.06,NA
"2898",29.07,NA
"2899",29.08,NA
"2900",29.09,NA
"2901",29.1,NA
"2902",29.11,NA
"2903",29.12,NA
"2904",29.13,NA
"2905",29.14,NA
"2906",29.15,NA
"2907",29.16,NA
"2908",29.17,NA
"2909",29.18,NA
"2910",29.19,NA
"2911",29.2,NA
"2912",29.21,NA
"2913",29.22,NA
"2914",29.23,NA
"2915",29.24,NA
"2916",29.25,NA
"2917",29.26,NA
"2918",29.27,NA
"2919",29.28,NA
"2920",29.29,NA
"2921",29.3,NA
"2922",29.31,NA
"2923",29.32,NA
"2924",29.33,NA
"2925",29.34,NA
"2926",29.35,NA
"2927",29.36,NA
"2928",29.37,NA
"2929",29.38,NA
"2930",29.39,NA
"2931",29.4,NA
"2932",29.41,NA
"2933",29.42,NA
"2934",29.43,NA
"2935",29.44,NA
"2936",29.45,NA
"2937",29.46,NA
"2938",29.47,NA
"2939",29.48,NA
"2940",29.49,NA
"2941",29.5,NA
"2942",29.51,NA
"2943",29.52,NA
"2944",29.53,NA
"2945",29.54,NA
"2946",29.55,NA
"2947",29.56,NA
"2948",29.57,NA
"2949",29.58,NA
"2950",29.59,NA
"2951",29.6,NA
"2952",29.61,NA
"2953",29.62,NA
"2954",29.63,NA
"2955",29.64,NA
"2956",29.65,NA
"2957",29.66,NA
"2958",29.67,NA
"2959",29.68,NA
"2960",29.69,NA
"2961",29.7,NA
"2962",29.71,NA
"2963",29.72,NA
"2964",29.73,NA
"2965",29.74,NA
"2966",29.75,NA
"2967",29.76,NA
"2968",29.77,NA
"2969",29.78,NA
"2970",29.79,NA
"2971",29.8,NA
"2972",29.81,NA
"2973",29.82,NA
"2974",29.83,NA
"2975",29.84,NA
"2976",29.85,NA
"2977",29.86,NA
"2978",29.87,NA
"2979",29.88,NA
"2980",29.89,NA
"2981",29.9,NA
"2982",29.91,NA
"2983",29.92,NA
"2984",29.93,NA
"2985",29.94,NA
"2986",29.95,NA
"2987",29.96,NA
"2988",29.97,NA
"2989",29.98,NA
"2990",29.99,NA
"2991",30,NA
